code;name
AD;Andorra
AG;Antigua y Barbuda
AI;Anguila
AL;Albania
AM;Armenia
AO;Angola
AR;Argentina
AT;Austria
AU;Australia
AW;Aruba
AX;Islas Aland
BA;Bosnia y Herzegovina
BB;Barbados
BD;Bangladés
BE;Bélgica
BF;Burkina Faso
BG;Bulgaria
BH;Baréin
BI;Burundi
BJ;Benín
BL;San Bartolomé
BM;Bermudas
BO;Bolivia
BQ;Caribe neerlandés
BR;Brasil
BS;Bahamas
BW;Botsuana
BY;Bielorrusia
BZ;Belice
CA;Canadá
CC;Islas Cocos
CD;República Democrática del Congo
CF;República Centroafricana
CG;Congo
CH;Suiza
CI;Côte d’Ivoire
CK;Islas Cook
CL;Chile
CM;Camerún
CN;China
CO;Colombia
CR;Costa Rica
CU;Cuba
CV;Cabo Verde
CW;Curazao
CX;Isla de Navidad
CY;Chipre
CZ;Chequia
DE;Alemania
DJ;Yibuti
DK;Dinamarca
DM;Dominica
DO;República Dominicana
DZ;Argelia
EC;Ecuador
EE;Estonia
EG;Egipto
ER;Eritrea
ES;España
ET;Etiopía
FI;Finlandia
FK;Islas Malvinas
FM;Micronesia
FO;Islas Feroe
FR;Francia
GA;Gabón
GB;Reino Unido
GD;Granada
GE;Georgia
GF;Guayana Francesa
GG;Guernesey
GH;Ghana
GI;Gibraltar
GL;Groenlandia
GM;Gambia
GN;Guinea
GP;Guadalupe
GQ;Guinea Ecuatorial
GR;Grecia
GT;Guatemala
GW;Guinea-Bisáu
GY;Guyana
HK;RAE de Hong Kong (China)
HN;Honduras
HR;Croacia
HT;Haití
HU;Hungría
ID;Indonesia
IE;Irlanda
IM;Isla de Man
IQ;Irak
IS;Islandia
IT;Italia
JE;Jersey
JM;Jamaica
JP;Japón
KE;Kenia
KH;Camboya
KI;Kiribati
KM;Comoras
KN;San Cristóbal y Nieves
KR;Corea del Sur
KY;Islas Caimán
KZ;Kazajistán
LC;Santa Lucía
LI;Liechtenstein
LR;Liberia
LS;Lesoto
LT;Lituania
LU;Luxemburgo
LV;Letonia
LY;Libia
MA;Marruecos
MC;Mónaco
MD;Moldavia
ME;Montenegro
MF;San Martín
MG;Madagascar
MH;Islas Marshall
MK;Macedonia del Norte
ML;Mali
MN;Mongolia
MP;Islas Marianas del Norte
MQ;Martinica
MR;Mauritania
MS;Montserrat
MT;Malta
MW;Malaui
MX;México
MZ;Mozambique
NA;Namibia
NC;Nueva Caledonia
NE;Níger
NF;Isla Norfolk
NG;Nigeria
NI;Nicaragua
NL;Países Bajos
NO;Noruega
NR;Nauru
NU;Niue
NZ;Nueva Zelanda
PA;Panamá
PE;Perú
PF;Polinesia Francesa
PG;Papúa Nueva Guinea
PH;Filipinas
PL;Polonia
PM;San Pedro y Miquelón
PN;Islas Pitcairn
PR;Puerto Rico
PT;Portugal
PW;Palaos
PY;Paraguay
RO;Rumanía
RS;Serbia
RU;Rusia
RW;Ruanda
SB;Islas Salomón
SC;Seychelles
SD;Sudán
SE;Suecia
SG;Singapur
SH;Santa Elena
SI;Eslovenia
SJ;Svalbard y Jan Mayen
SK;Eslovaquia
SL;Sierra Leona
SM;San Marino
SN;Senegal
SO;Somalia
SR;Surinam
SS;Sudán del Sur
ST;Santo Tomé y Príncipe
SV;El Salvador
SX;Sint Maarten
SY;Siria
SZ;Esuatini
TC;Islas Turcas y Caicos
TD;Chad
TG;Togo
TK;Tokelau
TN;Túnez
TO;Tonga
TR;Turquía
TT;Trinidad y Tobago
TV;Tuvalu
TZ;Tanzania
UA;Ucrania
UG;Uganda
US;Estados Unidos
UY;Uruguay
VA;Ciudad del Vaticano
VC;San Vicente y las Granadinas
VE;Venezuela
VG;Islas Vírgenes Británicas
VI;Islas Vírgenes de EE. UU.
VN;Vietnam
VU;Vanuatu
WF;Wallis y Futuna
WS;Samoa
YE;Yemen
ZA;Sudáfrica
ZM;Zambia
ZW;Zimbabue
